{"search":[{"id":"470861","description":"Grape \u2013 Professional \u0026 Flexible Admin Template","url":"http://themeforest.net/item/grape-professional-flexible-admin-template/470861","type":"item","sales":"842","rating":"5","item_info":{"id":"470861","item":"Grape \u2013 Professional \u0026 Flexible Admin Template","url":"http://themeforest.net/item/grape-professional-flexible-admin-template/470861","user":"Stammi","thumbnail":"http://0.s3.envato.com/files/22692822/thumbnail.png","sales":"842","rating":"5","cost":"16.00"}},{"id":"780016","description":"Peach \u2013 Clean \u0026 Smooth Admin Template","url":"http://themeforest.net/item/peach-clean-smooth-admin-template/780016","type":"item","sales":"663","rating":"4","item_info":{"id":"780016","item":"Peach \u2013 Clean \u0026 Smooth Admin Template","url":"http://themeforest.net/item/peach-clean-smooth-admin-template/780016","user":"Stammi","thumbnail":"http://3.s3.envato.com/files/17749797/thumbnail.png","sales":"663","rating":"4","cost":"18.00"}}]}