<?xml version="1.0"?><SearchSuggestion version="2.0" xmlns="http://opensearch.org/searchsuggest2"><Query xml:space="preserve">Mango</Query><Section><Item><Image source="http://upload.wikimedia.org/wikipedia/commons/thumb/e/ee/Mango_and_cross_section_edit.jpg/50px-Mango_and_cross_section_edit.jpg" width="50" height="29" /><Text xml:space="preserve">Mango</Text><Description xml:space="preserve">The mango is a fleshy stone fruit belonging to the genus Mangifera, consisting of numerous tropical fruiting trees in the flowering plant family Anacardiaceae. </Description><Url xml:space="preserve">http://en.wikipedia.org/wiki/Mango</Url></Item><Item><Text xml:space="preserve">Island Records</Text><Description xml:space="preserve">Island Records is a record label that was founded by Chris Blackwell and Graeme Goodall in Jamaica. It was based in the United Kingdom for many years and is now owned by Universal Music Group. </Description><Url xml:space="preserve">http://en.wikipedia.org/wiki/Island_Records</Url></Item><Item><Text xml:space="preserve">Mangotsfield United F.C.</Text><Description xml:space="preserve">Mangotsfield United F.C. is an English football club based in Mangotsfield, near Bristol, who currently play in the Southern League Division One South and West. </Description><Url xml:space="preserve">http://en.wikipedia.org/wiki/Mangotsfield_United_F.C.</Url></Item><Item><Image source="http://upload.wikimedia.org/wikipedia/commons/thumb/0/02/MangosuthuButhelezi_1991.jpg/34px-MangosuthuButhelezi_1991.jpg" width="34" height="50" /><Text xml:space="preserve">Mangosuthu Buthelezi</Text><Description xml:space="preserve">Inkosi Mangosuthu Buthelezi (born 27 August 1928) is a South African Zulu politician who founded the Inkatha Freedom Party (IFP) in 1975. His praise name is Shenge.
</Description><Url xml:space="preserve">http://en.wikipedia.org/wiki/Mangosuthu_Buthelezi</Url></Item><Item><Image source="http://upload.wikimedia.org/wikipedia/commons/thumb/1/1a/Berthe_Hoola_van_Nooten48.jpg/33px-Berthe_Hoola_van_Nooten48.jpg" width="33" height="50" /><Text xml:space="preserve">Purple mangosteen</Text><Description xml:space="preserve">The purple mangosteen (Garcinia mangostana), colloquially known simply as  mangosteen, is a tropical evergreen tree believed to have originated in the Sunda Islands and the Moluccas of Indonesia. </Description><Url xml:space="preserve">http://en.wikipedia.org/wiki/Purple_mangosteen</Url></Item><Item><Text xml:space="preserve">Mango (clothing)</Text><Description xml:space="preserve">Mango, stylized MANGO, is a clothing design and manufacturing company, founded in Barcelona, Catalonia (Spain). </Description><Url xml:space="preserve">http://en.wikipedia.org/wiki/Mango_(clothing)</Url></Item><Item><Image source="http://upload.wikimedia.org/wikipedia/commons/thumb/2/22/Catapulta_DER_1962.PNG/50px-Catapulta_DER_1962.PNG" width="50" height="35" /><Text xml:space="preserve">Mangonel</Text><Description xml:space="preserve">A mangonel (derived from Greco-Latin word manganon, meaning &quot;engine of war&quot;) was a type of catapult or siege engine used in the medieval period to throw projectiles at a castle's walls. </Description><Url xml:space="preserve">http://en.wikipedia.org/wiki/Mangonel</Url></Item><Item><Text xml:space="preserve">Mangotsfield</Text><Description xml:space="preserve">Mangotsfield is a village in South Gloucestershire, England, situated north of the Bristol suburb of Kingswood, bounded to the north by the M4 motorway and to the east by the Emersons Green housing estate. </Description><Url xml:space="preserve">http://en.wikipedia.org/wiki/Mangotsfield</Url></Item></Section></SearchSuggestion>