{"search":[{"id":"2728748","description":"Mango \u2013 Slick \u0026 Responsive Admin Template","url":"http://themeforest.net/item/mango-slick-responsive-admin-template/2728748","type":"item","sales":"122","rating":"5","item_info":{"id":"2728748","item":"Mango \u2013 Slick \u0026 Responsive Admin Template","url":"http://themeforest.net/item/mango-slick-responsive-admin-template/2728748","user":"Stammi","thumbnail":"http://2.s3.envato.com/files/32137424/thumbnail.png","sales":"122","rating":"5","cost":"25.00"}}]}