{"search":[{"id":"780016","description":"Peach \u2013 Clean \u0026 Smooth Admin Template","url":"http://themeforest.net/item/peach-clean-smooth-admin-template/780016","type":"item","sales":"674","rating":"5","item_info":{"id":"780016","item":"Peach \u2013 Clean \u0026 Smooth Admin Template","url":"http://themeforest.net/item/peach-clean-smooth-admin-template/780016","user":"Stammi","thumbnail":"http://0.s3.envato.com/files/17749797/thumbnail.png","sales":"674","rating":"5","cost":"18.00"}},{"id":"967123","description":"Organix - Simple Product Oriented Landing Page","url":"http://themeforest.net/item/organix-simple-product-oriented-landing-page/967123","type":"item","sales":"54","rating":"5","item_info":{"id":"967123","item":"Organix - Simple Product Oriented Landing Page","url":"http://themeforest.net/item/organix-simple-product-oriented-landing-page/967123","user":"WebFactory","thumbnail":"http://3.s3.envato.com/files/14820929/organix-thumbnail.png","sales":"54","rating":"5","cost":"9.00"}},{"id":"103079","description":"peachGrid resume/ CV template","url":"http://themeforest.net/item/peachgrid-resume-cv-template/103079","type":"item","sales":"39","rating":"4","item_info":{"id":"103079","item":"peachGrid resume/ CV template","url":"http://themeforest.net/item/peachgrid-resume-cv-template/103079","user":"JoeyDoey","thumbnail":"http://1.s3.envato.com/files/348316.jpg","sales":"39","rating":"4","cost":"10.00"}}]}